{
  "generation": 150,
  "fitness": -176.8815430111838,
  "landed": false,
  "chromosome": [
    [
      -10.23242499906729,
      1.0
    ],
    [
      44.31278621102287,
      0.7516480256473459
    ],
    [
      26.057313529356183,
      0.740273175900955
    ],
    [
      -12.362456441544282,
      0.27287596585645885
    ],
    [
      -39.66576582126068,
      0.3279468575214087
    ],
    [
      28.612301009527403,
      1.0
    ],
    [
      3.085777277685776,
      0.8410914457996501
    ],
    [
      -40.23417519919866,
      0.7595243208428575
    ],
    [
      -41.72736209199701,
      0.0
    ],
    [
      10.673946066358209,
      0.05862177839241671
    ],
    [
      39.73356837091637,
      0.9176323489545485
    ],
    [
      20.171065938963032,
      0.9569098609237597
    ],
    [
      -24.25116614846055,
      0.3623003430622017
    ],
    [
      2.7550875504716994,
      0.16629225259756994
    ],
    [
      -5.24111054102681,
      0.37293150785909723
    ],
    [
      -12.952945224940176,
      0.7960750471223736
    ],
    [
      -45.0,
      0.1889615422796673
    ],
    [
      -22.86454201847294,
      0.6816060122642242
    ],
    [
      -19.460101018309125,
      0.47540376246804583
    ],
    [
      -29.894613592521047,
      0.27934158620783095
    ],
    [
      19.171247599776468,
      0.4761181003126952
    ],
    [
      -4.391969124068604,
      0.0
    ],
    [
      45.0,
      0.0
    ],
    [
      -19.780933939825868,
      0.24665662278681547
    ],
    [
      -42.431032203104806,
      0.16417812060606357
    ],
    [
      45.0,
      0.0
    ],
    [
      33.71621239958809,
      0.0
    ],
    [
      -34.05500387428212,
      0.3296397336035366
    ],
    [
      31.251880836160666,
      0.19125945987494908
    ],
    [
      37.75423703023728,
      0.5004984450088332
    ],
    [
      39.40366088067141,
      0.1381549160895646
    ],
    [
      -35.07400811547607,
      0.2411150429113106
    ],
    [
      19.413188522752236,
      0.08701761155341198
    ],
    [
      -24.01729928997685,
      0.0
    ],
    [
      -14.877836820704484,
      0.0
    ],
    [
      0.36578305155144974,
      0.0
    ],
    [
      43.22915040591742,
      0.005514593221402471
    ],
    [
      25.31588939060095,
      0.15590572776232625
    ],
    [
      -9.40419784956924,
      0.0
    ],
    [
      -31.343372666483944,
      0.1190974832774252
    ],
    [
      9.577273208732258,
      0.011360744486141605
    ],
    [
      -45.0,
      0.0
    ],
    [
      37.14031108863472,
      0.843486102245838
    ],
    [
      21.150642550222244,
      0.2813735408135689
    ],
    [
      28.56728628936657,
      0.05885133991908932
    ],
    [
      -6.814587629379012,
      0.0
    ],
    [
      -27.781868175067707,
      0.8360803582384251
    ],
    [
      -24.17142010609122,
      0.8022901909510258
    ],
    [
      2.4300511205749444,
      0.7156284796131458
    ],
    [
      45.0,
      0.06852336212351628
    ],
    [
      -3.183335649657958,
      0.6263842561137063
    ],
    [
      -36.42669425167036,
      0.3697889485532133
    ],
    [
      -15.766969733649299,
      0.2788283220390499
    ],
    [
      12.645613183192447,
      1.0
    ],
    [
      -24.166512401258963,
      0.2554943123670983
    ],
    [
      33.69560539635572,
      0.05210075901738939
    ],
    [
      42.407229208243464,
      1.0
    ],
    [
      26.003719082306123,
      0.5688814997350696
    ],
    [
      -21.70331423971169,
      0.9749558819035835
    ],
    [
      32.142288489095776,
      0.025239405742884483
    ],
    [
      6.463680950623691,
      0.47401297490198246
    ],
    [
      23.16752529322617,
      0.8597946186826959
    ],
    [
      -29.790555848925962,
      0.6863253066874749
    ],
    [
      15.633845383972275,
      0.6045261157092086
    ],
    [
      -26.230333653835775,
      0.2967845379638442
    ],
    [
      -28.50158932031648,
      0.1944945457715829
    ],
    [
      -8.211780418072063,
      0.6729677266688676
    ],
    [
      -22.521822628968184,
      0.04241220296918402
    ],
    [
      -23.77002526316728,
      0.29332984400665096
    ],
    [
      40.009687509839154,
      0.09779787069670884
    ],
    [
      21.421735596032747,
      0.3542472792435724
    ],
    [
      38.86009651369739,
      0.7037056172297272
    ],
    [
      23.430214418483285,
      0.2665874568116583
    ],
    [
      -15.579523214821217,
      0.25770310603564434
    ],
    [
      22.312376283422083,
      0.17395401003023098
    ],
    [
      33.21984419317934,
      0.7103247652293231
    ],
    [
      45.0,
      0.7133176994980521
    ],
    [
      11.266092859331852,
      0.9415818046970614
    ],
    [
      3.9811061209891783,
      0.002556447397871364
    ],
    [
      -40.16469159688812,
      0.6590789970302207
    ],
    [
      7.300547787165776,
      0.4610829833284681
    ],
    [
      29.86991808267738,
      0.37312034475574385
    ],
    [
      15.117753786015934,
      0.850552647853415
    ],
    [
      -30.738766808030682,
      0.297653401730811
    ],
    [
      42.40807642378088,
      0.6237702119304567
    ],
    [
      41.745255831953216,
      0.0
    ],
    [
      24.764004105403068,
      0.3223622071941033
    ],
    [
      7.337233653740468,
      0.810626663785423
    ],
    [
      -30.77069895484087,
      0.7434008597298865
    ],
    [
      -12.546479511693702,
      0.038178994426956964
    ],
    [
      24.704187405228282,
      0.3296026374271206
    ],
    [
      45.0,
      0.2837061506549916
    ],
    [
      -31.590039721581526,
      1.0
    ],
    [
      18.95695483436787,
      0.44291481730179816
    ],
    [
      -9.444005387593378,
      0.19465241622797322
    ],
    [
      -25.986773290116737,
      0.6675918598822251
    ],
    [
      19.62797243979974,
      1.0
    ],
    [
      28.918340234136856,
      0.0
    ],
    [
      4.963254952095539,
      0.2926086151023779
    ],
    [
      45.0,
      0.0
    ],
    [
      -30.34476823918016,
      0.3547696693582649
    ],
    [
      1.134518550250424,
      0.39415420527251227
    ],
    [
      -36.874764375577726,
      0.8548682390271641
    ],
    [
      18.38138075527995,
      0.6537623880575714
    ],
    [
      22.679300238904105,
      0.18751919446523346
    ],
    [
      -27.073688781374372,
      0.14329922345848384
    ],
    [
      -42.215366552091886,
      0.9455360072453143
    ],
    [
      6.140356445772198,
      0.8702158832486965
    ],
    [
      -44.46845926063769,
      0.015218249476164467
    ],
    [
      5.758544495101425,
      0.8991133333537314
    ],
    [
      -34.18694046204395,
      0.9805203003287513
    ],
    [
      -36.581969633225384,
      0.3163056925458817
    ],
    [
      34.60307524590992,
      0.012030279022861377
    ],
    [
      -39.46657109474669,
      0.8914722469597943
    ],
    [
      38.79800738683818,
      0.41579783195156045
    ],
    [
      -4.141922911931331,
      0.577323672369453
    ],
    [
      -15.434468007399385,
      0.90544408810874
    ],
    [
      -18.650073357257334,
      0.6950275670917707
    ],
    [
      -41.96044974461052,
      0.0
    ],
    [
      26.58990524410681,
      0.4733389537134767
    ]
  ],